{
    "Louka": [
        {
            "SOEN363": 88.300000,
            "ENGR391": 65.400000
        },
        "Paul"
    ],
    "Razvan": 5.400000,
    "William": false
}
